n;nbVoisins;seed;nbSols;nbNodes;nbFails;time;allDiff;p
50;3.0;1326096498360;1;11;0;190;-1;-1
50;3.0;1326096498360;1;19;6;10;0;0
50;3.0;1326096498360;1;19;7;31;0;1
50;3.0;1326096498360;1;19;7;18;0;4
50;3.0;1326096498931;1;16;4;236;-1;-1
50;3.0;1326096498931;1;5;0;2;0;0
50;3.0;1326096498931;1;5;0;5;0;1
50;3.0;1326096498931;1;7;2;7;0;4
50;3.0;1326096499218;1;25;15;279;-1;-1
50;3.0;1326096499218;1;20;8;5;0;0
50;3.0;1326096499218;1;17;6;7;0;1
50;3.0;1326096499218;1;10;0;3;0;4
50;3.0;1326096499536;1;18;10;194;-1;-1
50;3.0;1326096499536;1;10;0;1;0;0
50;3.0;1326096499536;1;10;0;2;0;1
50;3.0;1326096499536;1;9;1;4;0;4
50;3.0;1326096499760;1;15;8;158;-1;-1
50;3.0;1326096499760;1;16;6;2;0;0
50;3.0;1326096499760;1;14;2;2;0;1
50;3.0;1326096499760;1;14;2;3;0;4
50;3.0;1326096499944;1;7;0;38;-1;-1
50;3.0;1326096499944;1;13;2;1;0;0
50;3.0;1326096499944;1;13;2;1;0;1
50;3.0;1326096499944;1;13;2;3;0;4
50;3.0;1326096500005;1;11;1;65;-1;-1
50;3.0;1326096500005;1;13;0;0;0;0
50;3.0;1326096500005;1;13;0;2;0;1
50;3.0;1326096500005;1;13;0;2;0;4
50;3.0;1326096500089;1;22;14;156;-1;-1
50;3.0;1326096500089;1;11;2;1;0;0
50;3.0;1326096500089;1;11;1;2;0;1
50;3.0;1326096500089;1;11;2;2;0;4
50;3.0;1326096500263;1;13;3;58;-1;-1
50;3.0;1326096500263;1;7;0;0;0;0
50;3.0;1326096500263;1;7;0;1;0;1
50;3.0;1326096500263;1;7;0;2;0;4
50;3.0;1326096500339;1;12;1;69;-1;-1
50;3.0;1326096500339;1;17;7;1;0;0
50;3.0;1326096500339;1;13;2;1;0;1
50;3.0;1326096500339;1;15;2;2;0;4
50;3.0;1326096500425;1;11;1;43;-1;-1
50;3.0;1326096500425;1;18;9;2;0;0
50;3.0;1326096500425;1;16;7;3;0;1
50;3.0;1326096500425;1;14;6;3;0;4
50;3.0;1326096500490;1;14;2;55;-1;-1
50;3.0;1326096500490;1;14;2;1;0;0
50;3.0;1326096500490;1;14;2;2;0;1
50;3.0;1326096500490;1;13;2;2;0;4
50;3.0;1326096500563;1;7;1;45;-1;-1
50;3.0;1326096500563;1;9;1;0;0;0
50;3.0;1326096500563;1;14;3;1;0;1
50;3.0;1326096500563;1;14;3;1;0;4
50;3.0;1326096500622;1;13;6;91;-1;-1
50;3.0;1326096500622;1;15;7;1;0;0
50;3.0;1326096500622;1;13;5;3;0;1
50;3.0;1326096500622;1;13;5;3;0;4
50;3.0;1326096500733;1;13;1;79;-1;-1
50;3.0;1326096500733;1;15;0;1;0;0
50;3.0;1326096500733;1;14;0;1;0;1
50;3.0;1326096500733;1;14;0;1;0;4
50;3.0;1326096500829;1;11;1;53;-1;-1
50;3.0;1326096500829;1;13;7;1;0;0
50;3.0;1326096500829;1;13;7;2;0;1
50;3.0;1326096500829;1;13;7;3;0;4
50;3.0;1326096500900;1;12;2;77;-1;-1
50;3.0;1326096500900;1;11;1;0;0;0
50;3.0;1326096500900;1;11;1;1;0;1
50;3.0;1326096500900;1;11;1;1;0;4
50;3.0;1326096500991;1;18;6;93;-1;-1
50;3.0;1326096500991;1;19;3;1;0;0
50;3.0;1326096500991;1;19;3;1;0;1
50;3.0;1326096500991;1;19;3;2;0;4
50;3.0;1326096501100;1;11;0;46;-1;-1
50;3.0;1326096501100;1;11;1;0;0;0
50;3.0;1326096501100;1;11;1;2;0;1
50;3.0;1326096501100;1;11;1;1;0;4
50;3.0;1326096501159;1;11;0;56;-1;-1
50;3.0;1326096501159;1;15;5;1;0;0
50;3.0;1326096501159;1;14;4;1;0;1
50;3.0;1326096501159;1;12;2;1;0;4
50;3.0;1326096501231;1;14;4;88;-1;-1
50;3.0;1326096501231;1;18;7;1;0;0
50;3.0;1326096501231;1;17;5;1;0;1
50;3.0;1326096501231;1;15;4;2;0;4
50;3.0;1326096501335;1;12;0;49;-1;-1
50;3.0;1326096501335;1;13;3;0;0;0
50;3.0;1326096501335;1;11;1;1;0;1
50;3.0;1326096501335;1;11;1;1;0;4
50;3.0;1326096501396;1;12;0;44;-1;-1
50;3.0;1326096501396;1;10;0;0;0;0
50;3.0;1326096501396;1;10;0;1;0;1
50;3.0;1326096501396;1;10;0;1;0;4
50;3.0;1326096501454;1;11;2;61;-1;-1
50;3.0;1326096501454;1;12;0;0;0;0
50;3.0;1326096501454;1;12;0;1;0;1
50;3.0;1326096501454;1;12;0;1;0;4
50;3.0;1326096501526;1;11;1;52;-1;-1
50;3.0;1326096501526;1;11;3;0;0;0
50;3.0;1326096501526;1;16;7;3;0;1
50;3.0;1326096501526;1;11;3;2;0;4
50;3.0;1326096501594;1;14;2;44;-1;-1
50;3.0;1326096501594;1;12;4;0;0;0
50;3.0;1326096501594;1;12;4;1;0;1
50;3.0;1326096501594;1;12;4;2;0;4
50;3.0;1326096501650;1;17;6;106;-1;-1
50;3.0;1326096501650;1;15;0;0;0;0
50;3.0;1326096501650;1;15;0;1;0;1
50;3.0;1326096501650;1;15;0;1;0;4
50;3.0;1326096501771;1;14;6;90;-1;-1
50;3.0;1326096501771;1;23;14;1;0;0
50;3.0;1326096501771;1;23;13;3;0;1
50;3.0;1326096501771;1;10;1;2;0;4
50;3.0;1326096501878;1;10;0;50;-1;-1
50;3.0;1326096501878;1;21;10;1;0;0
50;3.0;1326096501878;1;21;10;3;0;1
50;3.0;1326096501878;1;20;10;4;0;4
50;3.0;1326096501948;1;15;0;47;-1;-1
50;3.0;1326096501948;1;11;1;0;0;0
50;3.0;1326096501948;1;11;1;1;0;1
50;3.0;1326096501948;1;11;1;1;0;4
50;3.0;1326096502007;1;15;4;52;-1;-1
50;3.0;1326096502007;1;11;0;0;0;0
50;3.0;1326096502007;1;11;0;0;0;1
50;3.0;1326096502007;1;11;0;0;0;4
50;3.0;1326096502070;1;15;5;53;-1;-1
50;3.0;1326096502070;1;15;5;0;0;0
50;3.0;1326096502070;1;15;5;1;0;1
50;3.0;1326096502070;1;15;5;1;0;4
50;3.0;1326096502135;1;14;2;81;-1;-1
50;3.0;1326096502135;1;16;4;1;0;0
50;3.0;1326096502135;1;17;6;2;0;1
50;3.0;1326096502135;1;16;4;1;0;4
50;3.0;1326096502232;1;12;0;58;-1;-1
50;3.0;1326096502232;1;14;5;0;0;0
50;3.0;1326096502232;1;14;5;1;0;1
50;3.0;1326096502232;1;14;5;1;0;4
50;3.0;1326096502305;1;13;1;58;-1;-1
50;3.0;1326096502305;1;10;0;0;0;0
50;3.0;1326096502305;1;10;0;1;0;1
50;3.0;1326096502305;1;10;0;1;0;4
50;3.0;1326096502378;1;10;1;60;-1;-1
50;3.0;1326096502378;1;13;1;0;0;0
50;3.0;1326096502378;1;13;1;1;0;1
50;3.0;1326096502378;1;14;2;1;0;4
50;3.0;1326096502454;1;14;0;45;-1;-1
50;3.0;1326096502454;1;14;3;0;0;0
50;3.0;1326096502454;1;14;3;8;0;1
50;3.0;1326096502454;1;15;3;1;0;4
50;3.0;1326096502523;1;10;0;40;-1;-1
50;3.0;1326096502523;1;13;0;0;0;0
50;3.0;1326096502523;1;13;0;1;0;1
50;3.0;1326096502523;1;14;2;1;0;4
50;3.0;1326096502578;1;12;2;67;-1;-1
50;3.0;1326096502578;1;8;0;0;0;0
50;3.0;1326096502578;1;8;0;0;0;1
50;3.0;1326096502578;1;8;0;1;0;4
50;3.0;1326096502656;1;10;1;51;-1;-1
50;3.0;1326096502656;1;8;0;0;0;0
50;3.0;1326096502656;1;8;0;1;0;1
50;3.0;1326096502656;1;8;0;1;0;4
50;3.0;1326096502722;1;10;0;98;-1;-1
50;3.0;1326096502722;1;13;4;0;0;0
50;3.0;1326096502722;1;11;4;1;0;1
50;3.0;1326096502722;1;11;4;1;0;4
50;3.0;1326096502833;1;8;0;38;-1;-1
50;3.0;1326096502833;1;12;5;0;0;0
50;3.0;1326096502833;1;11;4;1;0;1
50;3.0;1326096502833;1;11;4;1;0;4
50;3.0;1326096502883;1;12;1;44;-1;-1
50;3.0;1326096502883;1;11;2;0;0;0
50;3.0;1326096502883;1;11;2;1;0;1
50;3.0;1326096502883;1;11;2;0;0;4
50;3.0;1326096502939;1;10;0;39;-1;-1
50;3.0;1326096502939;1;20;8;0;0;0
50;3.0;1326096502939;1;19;10;1;0;1
50;3.0;1326096502939;1;16;7;2;0;4
50;3.0;1326096502991;1;53;40;319;-1;-1
50;3.0;1326096502991;1;11;1;0;0;0
50;3.0;1326096502991;1;15;4;1;0;1
50;3.0;1326096502991;1;15;4;1;0;4
50;3.0;1326096503329;1;13;1;51;-1;-1
50;3.0;1326096503329;1;9;0;0;0;0
50;3.0;1326096503329;1;9;0;0;0;1
50;3.0;1326096503329;1;9;0;0;0;4
50;3.0;1326096503390;1;13;2;87;-1;-1
50;3.0;1326096503390;1;12;2;0;0;0
50;3.0;1326096503390;1;12;2;1;0;1
50;3.0;1326096503390;1;12;2;1;0;4
50;3.0;1326096503490;1;14;2;76;-1;-1
50;3.0;1326096503490;1;17;9;0;0;0
50;3.0;1326096503490;1;12;4;1;0;1
50;3.0;1326096503490;1;17;7;1;0;4
50;3.0;1326096503579;1;14;3;61;-1;-1
50;3.0;1326096503579;1;11;1;0;0;0
50;3.0;1326096503579;1;11;1;1;0;1
50;3.0;1326096503579;1;11;1;1;0;4
50;3.0;1326096503652;1;19;12;139;-1;-1
50;3.0;1326096503652;1;13;4;0;0;0
50;3.0;1326096503652;1;13;4;1;0;1
50;3.0;1326096503652;1;11;3;0;0;4
50;5.0;1326096503802;1;24;3;60;-1;-1
50;5.0;1326096503802;1;21;0;0;0;0
50;5.0;1326096503802;1;20;0;1;0;1
50;5.0;1326096503802;1;20;0;1;0;4
50;5.0;1326096503875;1;33;9;146;-1;-1
50;5.0;1326096503875;1;30;11;1;0;0
50;5.0;1326096503875;1;20;1;1;0;1
50;5.0;1326096503875;1;29;10;2;0;4
50;5.0;1326096504041;1;30;8;129;-1;-1
50;5.0;1326096504041;1;30;9;0;0;0
50;5.0;1326096504041;1;32;9;1;0;1
50;5.0;1326096504041;1;29;6;1;0;4
50;5.0;1326096504183;1;31;8;96;-1;-1
50;5.0;1326096504183;1;18;1;0;0;0
50;5.0;1326096504183;1;18;1;1;0;1
50;5.0;1326096504183;1;18;1;0;0;4
50;5.0;1326096504290;1;24;0;52;-1;-1
50;5.0;1326096504290;1;23;3;0;0;0
50;5.0;1326096504290;1;23;3;1;0;1
50;5.0;1326096504290;1;23;3;1;0;4
50;5.0;1326096504354;1;21;0;43;-1;-1
50;5.0;1326096504354;1;20;1;0;0;0
50;5.0;1326096504354;1;20;1;1;0;1
50;5.0;1326096504354;1;20;1;1;0;4
50;5.0;1326096504407;1;24;2;48;-1;-1
50;5.0;1326096504407;1;19;0;0;0;0
50;5.0;1326096504407;1;20;1;1;0;1
50;5.0;1326096504407;1;20;1;0;0;4
50;5.0;1326096504465;1;25;1;50;-1;-1
50;5.0;1326096504465;1;22;0;0;0;0
50;5.0;1326096504465;1;22;0;1;0;1
50;5.0;1326096504465;1;21;0;0;0;4
50;5.0;1326096504526;1;29;5;82;-1;-1
50;5.0;1326096504526;1;21;0;0;0;0
50;5.0;1326096504526;1;21;0;1;0;1
50;5.0;1326096504526;1;26;0;0;0;4
50;5.0;1326096504620;1;25;1;50;-1;-1
50;5.0;1326096504620;1;23;0;0;0;0
50;5.0;1326096504620;1;23;0;1;0;1
50;5.0;1326096504620;1;24;1;1;0;4
50;5.0;1326096504681;1;25;0;43;-1;-1
50;5.0;1326096504681;1;30;3;0;0;0
50;5.0;1326096504681;1;28;2;2;0;1
50;5.0;1326096504681;1;28;2;1;0;4
50;5.0;1326096504739;1;36;9;98;-1;-1
50;5.0;1326096504739;1;27;5;0;0;0
50;5.0;1326096504739;1;27;5;1;0;1
50;5.0;1326096504739;1;25;3;1;0;4
50;5.0;1326096504849;1;25;5;84;-1;-1
50;5.0;1326096504849;1;29;3;0;0;0
50;5.0;1326096504849;1;29;3;2;0;1
50;5.0;1326096504849;1;29;3;1;0;4
50;5.0;1326096504947;1;20;0;53;-1;-1
50;5.0;1326096504947;1;27;8;1;0;0
50;5.0;1326096504947;1;26;5;1;0;1
50;5.0;1326096504947;1;33;14;2;0;4
50;5.0;1326096505015;1;18;2;54;-1;-1
50;5.0;1326096505015;1;28;2;0;0;0
50;5.0;1326096505015;1;28;2;2;0;1
50;5.0;1326096505015;1;28;2;1;0;4
50;5.0;1326096505083;1;26;3;58;-1;-1
50;5.0;1326096505083;1;24;0;0;0;0
50;5.0;1326096505083;1;24;0;1;0;1
50;5.0;1326096505083;1;24;0;0;0;4
50;5.0;1326096505151;1;26;0;52;-1;-1
50;5.0;1326096505151;1;18;0;0;0;0
50;5.0;1326096505151;1;18;0;1;0;1
50;5.0;1326096505151;1;18;0;1;0;4
50;5.0;1326096505213;1;29;4;54;-1;-1
50;5.0;1326096505213;1;23;0;0;0;0
50;5.0;1326096505213;1;23;0;1;0;1
50;5.0;1326096505213;1;23;0;0;0;4
50;5.0;1326096505279;1;28;6;110;-1;-1
50;5.0;1326096505279;1;23;1;0;0;0
50;5.0;1326096505279;1;23;1;1;0;1
50;5.0;1326096505279;1;23;1;1;0;4
50;5.0;1326096505403;1;23;1;56;-1;-1
50;5.0;1326096505403;1;20;0;0;0;0
50;5.0;1326096505403;1;19;0;0;0;1
50;5.0;1326096505403;1;19;0;0;0;4
50;5.0;1326096505468;1;24;2;71;-1;-1
50;5.0;1326096505468;1;22;1;0;0;0
50;5.0;1326096505468;1;22;1;1;0;1
50;5.0;1326096505468;1;22;1;0;0;4
50;5.0;1326096505549;1;20;0;61;-1;-1
50;5.0;1326096505549;1;21;1;0;0;0
50;5.0;1326096505549;1;21;1;1;0;1
50;5.0;1326096505549;1;20;0;0;0;4
50;5.0;1326096505619;1;22;4;84;-1;-1
50;5.0;1326096505619;1;32;7;0;0;0
50;5.0;1326096505619;1;26;2;1;0;1
50;5.0;1326096505619;1;32;7;2;0;4
50;5.0;1326096505716;1;30;3;60;-1;-1
50;5.0;1326096505716;1;41;18;0;0;0
50;5.0;1326096505716;1;27;2;1;0;1
50;5.0;1326096505716;1;23;1;0;0;4
50;5.0;1326096505785;1;29;6;86;-1;-1
50;5.0;1326096505785;1;28;7;0;0;0
50;5.0;1326096505785;1;27;7;1;0;1
50;5.0;1326096505785;1;28;7;1;0;4
50;5.0;1326096505882;1;30;6;119;-1;-1
50;5.0;1326096505882;1;65;43;1;0;0
50;5.0;1326096505882;1;53;29;4;0;1
50;5.0;1326096505882;1;26;3;1;0;4
50;5.0;1326096506018;1;26;5;92;-1;-1
50;5.0;1326096506018;1;23;1;0;0;0
50;5.0;1326096506018;1;23;1;1;0;1
50;5.0;1326096506018;1;23;1;1;0;4
50;5.0;1326096506122;1;21;1;53;-1;-1
50;5.0;1326096506122;1;22;1;0;0;0
50;5.0;1326096506122;1;23;1;1;0;1
50;5.0;1326096506122;1;21;1;0;0;4
50;5.0;1326096506184;1;29;1;61;-1;-1
50;5.0;1326096506184;1;26;1;0;0;0
50;5.0;1326096506184;1;27;2;1;0;1
50;5.0;1326096506184;1;26;1;2;0;4
50;5.0;1326096506256;1;25;0;44;-1;-1
50;5.0;1326096506256;1;24;1;0;0;0
50;5.0;1326096506256;1;24;1;1;0;1
50;5.0;1326096506256;1;24;1;0;0;4
50;5.0;1326096506310;1;26;4;66;-1;-1
50;5.0;1326096506310;1;47;26;0;0;0
50;5.0;1326096506310;1;35;11;2;0;1
50;5.0;1326096506310;1;35;11;1;0;4
50;5.0;1326096506388;1;24;3;59;-1;-1
50;5.0;1326096506388;1;25;3;0;0;0
50;5.0;1326096506388;1;25;2;1;0;1
50;5.0;1326096506388;1;23;1;1;0;4
50;5.0;1326096506458;1;26;1;48;-1;-1
50;5.0;1326096506458;1;23;0;0;0;0
50;5.0;1326096506458;1;23;0;1;0;1
50;5.0;1326096506458;1;23;0;0;0;4
50;5.0;1326096506516;1;28;1;47;-1;-1
50;5.0;1326096506516;1;31;6;0;0;0
50;5.0;1326096506516;1;24;2;1;0;1
50;5.0;1326096506516;1;24;1;1;0;4
50;5.0;1326096506574;1;29;7;96;-1;-1
50;5.0;1326096506574;1;36;13;0;0;0
50;5.0;1326096506574;1;26;1;1;0;1
50;5.0;1326096506574;1;25;1;0;0;4
50;5.0;1326096506680;1;24;1;53;-1;-1
50;5.0;1326096506680;1;21;1;0;0;0
50;5.0;1326096506680;1;21;1;2;0;1
50;5.0;1326096506680;1;21;1;1;0;4
50;5.0;1326096506749;1;41;15;171;-1;-1
50;5.0;1326096506749;1;24;0;0;0;0
50;5.0;1326096506749;1;24;0;1;0;1
50;5.0;1326096506749;1;23;0;0;0;4
50;5.0;1326096506929;1;23;1;48;-1;-1
50;5.0;1326096506929;1;25;2;0;0;0
50;5.0;1326096506929;1;25;2;1;0;1
50;5.0;1326096506929;1;26;2;0;0;4
50;5.0;1326096506986;1;25;4;60;-1;-1
50;5.0;1326096506986;1;26;1;0;0;0
50;5.0;1326096506986;1;26;1;1;0;1
50;5.0;1326096506986;1;26;1;0;0;4
50;5.0;1326096507054;1;25;0;42;-1;-1
50;5.0;1326096507054;1;24;0;0;0;0
50;5.0;1326096507054;1;24;0;1;0;1
50;5.0;1326096507054;1;24;0;0;0;4
50;5.0;1326096507104;1;21;0;56;-1;-1
50;5.0;1326096507104;1;21;1;0;0;0
50;5.0;1326096507104;1;20;0;1;0;1
50;5.0;1326096507104;1;20;0;0;0;4
50;5.0;1326096507169;1;34;6;83;-1;-1
50;5.0;1326096507169;1;35;4;0;0;0
50;5.0;1326096507169;1;35;4;1;0;1
50;5.0;1326096507169;1;38;5;1;0;4
50;5.0;1326096507261;1;25;1;56;-1;-1
50;5.0;1326096507261;1;23;0;0;0;0
50;5.0;1326096507261;1;23;0;1;0;1
50;5.0;1326096507261;1;23;0;0;0;4
50;5.0;1326096507328;1;49;28;237;-1;-1
50;5.0;1326096507328;1;24;2;0;0;0
50;5.0;1326096507328;1;23;2;1;0;1
50;5.0;1326096507328;1;22;2;0;0;4
50;5.0;1326096507573;1;32;10;104;-1;-1
50;5.0;1326096507573;1;82;60;1;0;0
50;5.0;1326096507573;1;48;21;2;0;1
50;5.0;1326096507573;1;21;0;0;0;4
50;5.0;1326096507689;1;21;0;51;-1;-1
50;5.0;1326096507689;1;25;1;0;0;0
50;5.0;1326096507689;1;25;1;1;0;1
50;5.0;1326096507689;1;25;1;0;0;4
50;5.0;1326096507748;1;24;2;53;-1;-1
50;5.0;1326096507748;1;26;6;0;0;0
50;5.0;1326096507748;1;24;4;1;0;1
50;5.0;1326096507748;1;22;2;0;0;4
50;5.0;1326096507810;1;24;1;60;-1;-1
50;5.0;1326096507810;1;35;12;1;0;0
50;5.0;1326096507810;1;35;12;2;0;1
50;5.0;1326096507810;1;35;11;2;0;4
50;5.0;1326096507887;1;30;4;99;-1;-1
50;5.0;1326096507887;1;25;6;0;0;0
50;5.0;1326096507887;1;25;6;2;0;1
50;5.0;1326096507887;1;25;6;1;0;4
50;5.0;1326096507999;1;24;1;57;-1;-1
50;5.0;1326096507999;1;24;1;0;0;0
50;5.0;1326096507999;1;23;1;1;0;1
50;5.0;1326096507999;1;27;3;1;0;4
50;10.0;1326096508069;1;40;0;80;-1;-1
50;10.0;1326096508069;1;41;5;0;0;0
50;10.0;1326096508069;1;36;3;1;0;1
50;10.0;1326096508069;1;36;3;1;0;4
50;10.0;1326096508161;1;41;3;71;-1;-1
50;10.0;1326096508161;1;35;1;0;0;0
50;10.0;1326096508161;1;35;1;1;0;1
50;10.0;1326096508161;1;35;1;1;0;4
50;10.0;1326096508242;1;35;0;43;-1;-1
50;10.0;1326096508242;1;37;2;0;0;0
50;10.0;1326096508242;1;37;2;1;0;1
50;10.0;1326096508242;1;37;3;1;0;4
50;10.0;1326096508295;1;35;0;44;-1;-1
50;10.0;1326096508295;1;37;1;0;0;0
50;10.0;1326096508295;1;37;1;2;0;1
50;10.0;1326096508295;1;40;1;1;0;4
50;10.0;1326096508350;1;42;4;68;-1;-1
50;10.0;1326096508350;1;38;2;0;0;0
50;10.0;1326096508350;1;38;2;1;0;1
50;10.0;1326096508350;1;38;2;0;0;4
50;10.0;1326096508428;1;46;11;75;-1;-1
50;10.0;1326096508428;1;33;0;0;0;0
50;10.0;1326096508428;1;33;0;1;0;1
50;10.0;1326096508428;1;33;0;0;0;4
50;10.0;1326096508511;1;35;0;48;-1;-1
50;10.0;1326096508511;1;47;11;0;0;0
50;10.0;1326096508511;1;39;5;1;0;1
50;10.0;1326096508511;1;41;6;1;0;4
50;10.0;1326096508568;1;38;2;50;-1;-1
50;10.0;1326096508568;1;35;0;0;0;0
50;10.0;1326096508568;1;35;0;1;0;1
50;10.0;1326096508568;1;36;0;1;0;4
50;10.0;1326096508628;1;38;0;49;-1;-1
50;10.0;1326096508628;1;37;1;0;0;0
50;10.0;1326096508628;1;37;1;1;0;1
50;10.0;1326096508628;1;36;1;0;0;4
50;10.0;1326096508685;1;39;0;56;-1;-1
50;10.0;1326096508685;1;39;1;0;0;0
50;10.0;1326096508685;1;39;1;1;0;1
50;10.0;1326096508685;1;39;1;0;0;4
50;10.0;1326096508751;1;37;1;53;-1;-1
50;10.0;1326096508751;1;36;0;0;0;0
50;10.0;1326096508751;1;36;0;1;0;1
50;10.0;1326096508751;1;48;15;1;0;4
50;10.0;1326096508815;1;43;6;70;-1;-1
50;10.0;1326096508815;1;37;0;0;0;0
50;10.0;1326096508815;1;37;0;1;0;1
50;10.0;1326096508815;1;38;0;0;0;4
50;10.0;1326096508895;1;39;1;43;-1;-1
50;10.0;1326096508895;1;37;0;0;0;0
50;10.0;1326096508895;1;37;0;1;0;1
50;10.0;1326096508895;1;37;0;0;0;4
50;10.0;1326096508946;1;39;0;47;-1;-1
50;10.0;1326096508946;1;38;1;0;0;0
50;10.0;1326096508946;1;38;1;1;0;1
50;10.0;1326096508946;1;38;1;0;0;4
50;10.0;1326096509001;1;38;3;57;-1;-1
50;10.0;1326096509001;1;37;1;0;0;0
50;10.0;1326096509001;1;40;2;1;0;1
50;10.0;1326096509001;1;39;3;1;0;4
50;10.0;1326096509069;1;40;0;43;-1;-1
50;10.0;1326096509069;1;35;0;0;0;0
50;10.0;1326096509069;1;35;0;1;0;1
50;10.0;1326096509069;1;35;0;0;0;4
50;10.0;1326096509120;1;34;1;44;-1;-1
50;10.0;1326096509120;1;39;3;0;0;0
50;10.0;1326096509120;1;39;3;1;0;1
50;10.0;1326096509120;1;39;3;1;0;4
50;10.0;1326096509172;1;40;1;50;-1;-1
50;10.0;1326096509172;1;35;2;0;0;0
50;10.0;1326096509172;1;35;2;1;0;1
50;10.0;1326096509172;1;35;2;0;0;4
50;10.0;1326096509232;1;37;1;53;-1;-1
50;10.0;1326096509232;1;35;2;0;0;0
50;10.0;1326096509232;1;33;0;1;0;1
50;10.0;1326096509232;1;33;0;1;0;4
50;10.0;1326096509295;1;38;2;52;-1;-1
50;10.0;1326096509295;1;38;4;0;0;0
50;10.0;1326096509295;1;33;0;1;0;1
50;10.0;1326096509295;1;35;2;0;0;4
50;10.0;1326096509355;1;39;2;48;-1;-1
50;10.0;1326096509355;1;37;0;0;0;0
50;10.0;1326096509355;1;37;0;1;0;1
50;10.0;1326096509355;1;37;0;0;0;4
50;10.0;1326096509410;1;37;2;50;-1;-1
50;10.0;1326096509410;1;41;3;0;0;0
50;10.0;1326096509410;1;38;0;1;0;1
50;10.0;1326096509410;1;38;0;0;0;4
50;10.0;1326096509470;1;38;1;47;-1;-1
50;10.0;1326096509470;1;156;122;2;0;0
50;10.0;1326096509470;1;61;26;3;0;1
50;10.0;1326096509470;1;84;51;3;0;4
50;10.0;1326096509532;1;40;1;50;-1;-1
50;10.0;1326096509532;1;38;3;0;0;0
50;10.0;1326096509532;1;38;3;1;0;1
50;10.0;1326096509532;1;38;3;1;0;4
50;10.0;1326096509590;1;35;0;43;-1;-1
50;10.0;1326096509590;1;33;0;0;0;0
50;10.0;1326096509590;1;33;0;1;0;1
50;10.0;1326096509590;1;33;0;0;0;4
50;10.0;1326096509640;1;36;0;40;-1;-1
50;10.0;1326096509640;1;35;1;0;0;0
50;10.0;1326096509640;1;35;1;1;0;1
50;10.0;1326096509640;1;37;2;0;0;4
50;10.0;1326096509688;1;38;0;45;-1;-1
50;10.0;1326096509688;1;35;0;0;0;0
50;10.0;1326096509688;1;35;0;1;0;1
50;10.0;1326096509688;1;35;0;0;0;4
50;10.0;1326096509740;1;42;3;53;-1;-1
50;10.0;1326096509740;1;36;1;0;0;0
50;10.0;1326096509740;1;36;1;1;0;1
50;10.0;1326096509740;1;37;1;0;0;4
50;10.0;1326096509802;1;37;0;40;-1;-1
50;10.0;1326096509802;1;39;2;0;0;0
50;10.0;1326096509802;1;39;2;1;0;1
50;10.0;1326096509802;1;40;5;0;0;4
50;10.0;1326096509850;1;37;0;41;-1;-1
50;10.0;1326096509850;1;45;9;0;0;0
50;10.0;1326096509850;1;41;7;1;0;1
50;10.0;1326096509850;1;41;7;1;0;4
50;10.0;1326096509900;1;35;0;47;-1;-1
50;10.0;1326096509900;1;37;1;0;0;0
50;10.0;1326096509900;1;37;1;2;0;1
50;10.0;1326096509900;1;33;0;0;0;4
50;10.0;1326096509956;1;38;3;59;-1;-1
50;10.0;1326096509956;1;39;1;0;0;0
50;10.0;1326096509956;1;39;1;1;0;1
50;10.0;1326096509956;1;41;2;1;0;4
50;10.0;1326096510026;1;40;0;43;-1;-1
50;10.0;1326096510026;1;36;3;0;0;0
50;10.0;1326096510026;1;32;0;1;0;1
50;10.0;1326096510026;1;33;1;0;0;4
50;10.0;1326096510077;1;47;11;91;-1;-1
50;10.0;1326096510077;1;36;3;0;0;0
50;10.0;1326096510077;1;34;0;1;0;1
50;10.0;1326096510077;1;39;6;1;0;4
50;10.0;1326096510178;1;38;3;50;-1;-1
50;10.0;1326096510178;1;35;0;0;0;0
50;10.0;1326096510178;1;35;0;1;0;1
50;10.0;1326096510178;1;35;0;0;0;4
50;10.0;1326096510237;1;32;0;42;-1;-1
50;10.0;1326096510237;1;1938;1902;29;0;0
50;10.0;1326096510237;1;36;2;1;0;1
50;10.0;1326096510237;1;35;0;0;0;4
50;10.0;1326096510315;1;38;0;42;-1;-1
50;10.0;1326096510315;1;36;0;0;0;0
50;10.0;1326096510315;1;36;0;1;0;1
50;10.0;1326096510315;1;36;0;0;0;4
50;10.0;1326096510366;1;39;2;57;-1;-1
50;10.0;1326096510366;1;55;19;0;0;0
50;10.0;1326096510366;1;97;62;4;0;1
50;10.0;1326096510366;1;59;25;2;0;4
50;10.0;1326096510438;1;40;0;47;-1;-1
50;10.0;1326096510438;1;35;1;0;0;0
50;10.0;1326096510438;1;35;1;1;0;1
50;10.0;1326096510438;1;35;1;0;0;4
50;10.0;1326096510494;1;39;3;66;-1;-1
50;10.0;1326096510494;1;35;1;0;0;0
50;10.0;1326096510494;1;35;1;1;0;1
50;10.0;1326096510494;1;39;6;1;0;4
50;10.0;1326096510568;1;44;11;80;-1;-1
50;10.0;1326096510568;1;37;1;0;0;0
50;10.0;1326096510568;1;37;1;1;0;1
50;10.0;1326096510568;1;37;1;0;0;4
50;10.0;1326096510656;1;36;2;67;-1;-1
50;10.0;1326096510656;1;37;1;0;0;0
50;10.0;1326096510656;1;36;0;1;0;1
50;10.0;1326096510656;1;36;0;0;0;4
50;10.0;1326096510732;1;37;4;62;-1;-1
50;10.0;1326096510732;1;33;0;0;0;0
50;10.0;1326096510732;1;33;0;1;0;1
50;10.0;1326096510732;1;33;0;0;0;4
50;10.0;1326096510801;1;38;4;65;-1;-1
50;10.0;1326096510801;1;33;0;0;0;0
50;10.0;1326096510801;1;33;0;1;0;1
50;10.0;1326096510801;1;33;0;0;0;4
50;10.0;1326096510873;1;37;0;44;-1;-1
50;10.0;1326096510873;1;46;7;0;0;0
50;10.0;1326096510873;1;39;0;1;0;1
50;10.0;1326096510873;1;36;1;1;0;4
50;10.0;1326096510927;1;40;3;49;-1;-1
50;10.0;1326096510927;1;35;1;0;0;0
50;10.0;1326096510927;1;35;1;1;0;1
50;10.0;1326096510927;1;39;5;0;0;4
50;10.0;1326096510984;1;34;1;49;-1;-1
50;10.0;1326096510984;1;34;1;0;0;0
50;10.0;1326096510984;1;33;1;2;0;1
50;10.0;1326096510984;1;35;2;1;0;4
50;10.0;1326096511044;1;37;2;44;-1;-1
50;10.0;1326096511044;1;37;1;0;0;0
50;10.0;1326096511044;1;37;2;1;0;1
50;10.0;1326096511044;1;37;1;0;0;4
50;10.0;1326096511096;1;36;0;43;-1;-1
50;10.0;1326096511096;1;35;0;0;0;0
50;10.0;1326096511096;1;34;1;2;0;1
50;10.0;1326096511096;1;34;0;1;0;4
50;10.0;1326096511150;1;36;0;45;-1;-1
50;10.0;1326096511150;1;123;87;1;0;0
50;10.0;1326096511150;1;36;1;2;0;1
50;10.0;1326096511150;1;36;1;1;0;4
50;20.0;1326096511206;1;43;1;41;-1;-1
50;20.0;1326096511206;1;44;0;0;0;0
50;20.0;1326096511206;1;44;0;1;0;1
50;20.0;1326096511206;1;43;0;1;0;4
50;20.0;1326096511256;1;43;0;45;-1;-1
50;20.0;1326096511256;1;44;0;0;0;0
50;20.0;1326096511256;1;44;0;1;0;1
50;20.0;1326096511256;1;44;0;1;0;4
50;20.0;1326096511309;1;44;0;42;-1;-1
50;20.0;1326096511309;1;43;1;0;0;0
50;20.0;1326096511309;1;43;1;2;0;1
50;20.0;1326096511309;1;41;0;1;0;4
50;20.0;1326096511362;1;47;2;48;-1;-1
50;20.0;1326096511362;1;46;4;0;0;0
50;20.0;1326096511362;1;44;2;1;0;1
50;20.0;1326096511362;1;45;0;1;0;4
50;20.0;1326096511420;1;44;0;45;-1;-1
50;20.0;1326096511420;1;46;0;0;0;0
50;20.0;1326096511420;1;46;0;1;0;1
50;20.0;1326096511420;1;41;1;1;0;4
50;20.0;1326096511473;1;47;4;66;-1;-1
50;20.0;1326096511473;1;43;0;1;0;0
50;20.0;1326096511473;1;43;0;2;0;1
50;20.0;1326096511473;1;42;1;1;0;4
50;20.0;1326096511552;1;44;0;49;-1;-1
50;20.0;1326096511552;1;46;1;0;0;0
50;20.0;1326096511552;1;46;1;2;0;1
50;20.0;1326096511552;1;41;0;1;0;4
50;20.0;1326096511611;1;46;2;50;-1;-1
50;20.0;1326096511611;1;45;1;0;0;0
50;20.0;1326096511611;1;44;0;1;0;1
50;20.0;1326096511611;1;44;0;1;0;4
50;20.0;1326096511669;1;43;1;52;-1;-1
50;20.0;1326096511669;1;41;0;0;0;0
50;20.0;1326096511669;1;41;0;1;0;1
50;20.0;1326096511669;1;41;0;1;0;4
50;20.0;1326096511730;1;47;1;65;-1;-1
50;20.0;1326096511730;1;43;0;0;0;0
50;20.0;1326096511730;1;43;0;2;0;1
50;20.0;1326096511730;1;43;0;1;0;4
50;20.0;1326096511808;1;43;0;46;-1;-1
50;20.0;1326096511808;1;41;0;0;0;0
50;20.0;1326096511808;1;41;0;1;0;1
50;20.0;1326096511808;1;45;0;1;0;4
50;20.0;1326096511863;1;44;0;47;-1;-1
50;20.0;1326096511863;1;46;2;0;0;0
50;20.0;1326096511863;1;45;2;1;0;1
50;20.0;1326096511863;1;41;0;1;0;4
50;20.0;1326096511919;1;45;0;40;-1;-1
50;20.0;1326096511919;1;43;0;0;0;0
50;20.0;1326096511919;1;43;0;1;0;1
50;20.0;1326096511919;1;42;0;1;0;4
50;20.0;1326096511968;1;41;0;46;-1;-1
50;20.0;1326096511968;1;44;1;0;0;0
50;20.0;1326096511968;1;43;0;1;0;1
50;20.0;1326096511968;1;44;0;1;0;4
50;20.0;1326096512022;1;45;0;46;-1;-1
50;20.0;1326096512022;1;62;19;0;0;0
50;20.0;1326096512022;1;45;3;1;0;1
50;20.0;1326096512022;1;45;0;1;0;4
50;20.0;1326096512079;1;44;0;46;-1;-1
50;20.0;1326096512079;1;3084;3040;47;0;0
50;20.0;1326096512079;1;43;1;1;0;1
50;20.0;1326096512079;1;43;0;1;0;4
50;20.0;1326096512180;1;44;1;39;-1;-1
50;20.0;1326096512180;1;40;0;0;0;0
50;20.0;1326096512180;1;40;0;1;0;1
50;20.0;1326096512180;1;40;0;3;0;4
50;20.0;1326096512231;1;43;0;42;-1;-1
50;20.0;1326096512231;1;48;6;0;0;0
50;20.0;1326096512231;1;42;0;1;0;1
50;20.0;1326096512231;1;44;2;1;0;4
50;20.0;1326096512282;1;45;1;47;-1;-1
50;20.0;1326096512282;1;45;0;0;0;0
50;20.0;1326096512282;1;45;0;1;0;1
50;20.0;1326096512282;1;47;0;1;0;4
50;20.0;1326096512337;1;46;0;39;-1;-1
50;20.0;1326096512337;1;45;0;0;0;0
50;20.0;1326096512337;1;45;0;1;0;1
50;20.0;1326096512337;1;42;0;1;0;4
50;20.0;1326096512386;1;44;1;46;-1;-1
50;20.0;1326096512386;1;44;0;0;0;0
50;20.0;1326096512386;1;44;0;1;0;1
50;20.0;1326096512386;1;46;0;1;0;4
50;20.0;1326096512440;1;44;0;43;-1;-1
50;20.0;1326096512440;1;45;3;0;0;0
50;20.0;1326096512440;1;45;2;1;0;1
50;20.0;1326096512440;1;43;0;1;0;4
50;20.0;1326096512493;1;44;0;46;-1;-1
50;20.0;1326096512493;1;46;1;0;0;0
50;20.0;1326096512493;1;46;1;2;0;1
50;20.0;1326096512493;1;43;2;1;0;4
50;20.0;1326096512548;1;45;0;43;-1;-1
50;20.0;1326096512548;1;47;2;0;0;0
50;20.0;1326096512548;1;48;2;2;0;1
50;20.0;1326096512548;1;42;0;1;0;4
50;20.0;1326096512603;1;46;1;44;-1;-1
50;20.0;1326096512603;1;43;2;0;0;0
50;20.0;1326096512603;1;43;2;2;0;1
50;20.0;1326096512603;1;43;0;1;0;4
50;20.0;1326096512657;1;49;6;55;-1;-1
50;20.0;1326096512657;1;44;2;0;0;0
50;20.0;1326096512657;1;44;2;3;0;1
50;20.0;1326096512657;1;41;0;1;0;4
50;20.0;1326096512723;1;46;1;46;-1;-1
50;20.0;1326096512723;0;952684;952645;10000;0;0
50;20.0;1326096512723;1;47;3;2;0;1
50;20.0;1326096512723;1;44;0;1;0;4
50;20.0;1326096522779;1;41;0;38;-1;-1
50;20.0;1326096522779;1;43;0;0;0;0
50;20.0;1326096522779;1;43;0;1;0;1
50;20.0;1326096522779;1;43;0;1;0;4
50;20.0;1326096522826;1;44;1;42;-1;-1
50;20.0;1326096522826;1;45;2;0;0;0
50;20.0;1326096522826;1;45;2;1;0;1
50;20.0;1326096522826;1;43;0;0;0;4
50;20.0;1326096522877;1;45;0;40;-1;-1
50;20.0;1326096522877;0;948683;948645;10000;0;0
50;20.0;1326096522877;1;42;1;1;0;1
50;20.0;1326096522877;1;45;3;1;0;4
50;20.0;1326096532925;1;47;2;52;-1;-1
50;20.0;1326096532925;1;43;0;0;0;0
50;20.0;1326096532925;1;43;0;1;0;1
50;20.0;1326096532925;1;44;1;1;0;4
50;20.0;1326096532985;1;46;1;50;-1;-1
50;20.0;1326096532985;1;43;0;0;0;0
50;20.0;1326096532985;1;43;0;1;0;1
50;20.0;1326096532985;1;43;0;1;0;4
50;20.0;1326096533045;1;45;1;51;-1;-1
50;20.0;1326096533045;1;43;0;0;0;0
50;20.0;1326096533045;1;43;0;1;0;1
50;20.0;1326096533045;1;43;0;1;0;4
50;20.0;1326096533104;1;45;0;43;-1;-1
50;20.0;1326096533104;1;44;0;0;0;0
50;20.0;1326096533104;1;44;0;1;0;1
50;20.0;1326096533104;1;44;0;1;0;4
50;20.0;1326096533157;1;44;0;48;-1;-1
50;20.0;1326096533157;1;43;1;0;0;0
50;20.0;1326096533157;1;43;1;1;0;1
50;20.0;1326096533157;1;43;0;1;0;4
50;20.0;1326096533216;1;54;11;68;-1;-1
50;20.0;1326096533216;1;44;0;0;0;0
50;20.0;1326096533216;1;44;0;1;0;1
50;20.0;1326096533216;1;44;0;1;0;4
50;20.0;1326096533293;1;48;0;42;-1;-1
50;20.0;1326096533293;1;43;0;0;0;0
50;20.0;1326096533293;1;43;0;1;0;1
50;20.0;1326096533293;1;42;0;1;0;4
50;20.0;1326096533346;1;44;0;45;-1;-1
50;20.0;1326096533346;1;41;0;0;0;0
50;20.0;1326096533346;1;41;0;1;0;1
50;20.0;1326096533346;1;43;0;1;0;4
50;20.0;1326096533401;1;46;4;67;-1;-1
50;20.0;1326096533401;1;47;4;0;0;0
50;20.0;1326096533401;1;47;3;1;0;1
50;20.0;1326096533401;1;43;1;1;0;4
50;20.0;1326096533478;1;45;2;62;-1;-1
50;20.0;1326096533478;1;45;1;0;0;0
50;20.0;1326096533478;1;45;1;2;0;1
50;20.0;1326096533478;1;43;1;1;0;4
50;20.0;1326096533550;1;44;0;47;-1;-1
50;20.0;1326096533550;1;42;1;0;0;0
50;20.0;1326096533550;1;44;2;2;0;1
50;20.0;1326096533550;1;44;0;1;0;4
50;20.0;1326096533607;1;45;1;52;-1;-1
50;20.0;1326096533607;1;44;0;0;0;0
50;20.0;1326096533607;1;44;1;1;0;1
50;20.0;1326096533607;1;43;0;1;0;4
50;20.0;1326096533669;1;46;0;48;-1;-1
50;20.0;1326096533669;1;44;2;0;0;0
50;20.0;1326096533669;1;44;2;1;0;1
50;20.0;1326096533669;1;44;2;2;0;4
50;20.0;1326096533727;1;45;0;41;-1;-1
50;20.0;1326096533727;1;44;1;0;0;0
50;20.0;1326096533727;1;43;1;1;0;1
50;20.0;1326096533727;1;43;0;1;0;4
50;20.0;1326096533778;1;45;2;62;-1;-1
50;20.0;1326096533778;1;43;1;0;0;0
50;20.0;1326096533778;1;43;1;2;0;1
50;20.0;1326096533778;1;43;1;1;0;4
50;20.0;1326096533852;1;46;1;44;-1;-1
50;20.0;1326096533852;0;949163;949122;10000;0;0
50;20.0;1326096533852;1;44;1;1;0;1
50;20.0;1326096533852;1;42;0;2;0;4
50;20.0;1326096543907;1;44;1;43;-1;-1
50;20.0;1326096543907;1;45;1;0;0;0
50;20.0;1326096543907;1;45;1;1;0;1
50;20.0;1326096543907;1;45;1;0;0;4
50;20.0;1326096543959;1;47;1;41;-1;-1
50;20.0;1326096543959;1;41;0;0;0;0
50;20.0;1326096543959;1;41;0;1;0;1
50;20.0;1326096543959;1;43;1;1;0;4
50;20.0;1326096544008;1;44;0;49;-1;-1
50;20.0;1326096544008;1;46;0;0;0;0
50;20.0;1326096544008;1;46;0;2;0;1
50;20.0;1326096544008;1;46;0;1;0;4
50;20.0;1326096544066;1;43;0;40;-1;-1
50;20.0;1326096544066;1;46;1;0;0;0
50;20.0;1326096544066;1;46;1;2;0;1
50;20.0;1326096544066;1;43;0;1;0;4
100;3.0;1326096544116;1;21;0;735;-1;-1
100;3.0;1326096544116;1;13;1;0;0;0
100;3.0;1326096544116;1;13;1;1;0;1
100;3.0;1326096544116;1;13;1;0;0;4
100;3.0;1326096544874;1;16;2;605;-1;-1
100;3.0;1326096544874;1;16;1;0;0;0
100;3.0;1326096544874;1;16;1;1;0;1
100;3.0;1326096544874;1;16;1;0;0;4
100;3.0;1326096545494;1;43;25;2193;-1;-1
100;3.0;1326096545494;1;19;5;0;0;0
100;3.0;1326096545494;1;18;4;2;0;1
100;3.0;1326096545494;1;18;4;1;0;4
100;3.0;1326096547700;1;31;10;1587;-1;-1
100;3.0;1326096547700;1;21;3;0;0;0
100;3.0;1326096547700;1;21;3;2;0;1
100;3.0;1326096547700;1;21;3;1;0;4
100;3.0;1326096549300;1;18;0;700;-1;-1
100;3.0;1326096549300;1;31;16;0;0;0
100;3.0;1326096549300;1;21;3;2;0;1
100;3.0;1326096549300;1;20;1;0;0;4
100;3.0;1326096550012;1;13;0;599;-1;-1
100;3.0;1326096550012;1;21;5;0;0;0
100;3.0;1326096550012;1;21;5;2;0;1
100;3.0;1326096550012;1;22;7;1;0;4
100;3.0;1326096550625;1;82;60;4172;-1;-1
100;3.0;1326096550625;1;23;5;0;0;0
100;3.0;1326096550625;1;23;5;2;0;1
100;3.0;1326096550625;1;23;5;2;0;4
100;3.0;1326096554813;1;17;1;664;-1;-1
100;3.0;1326096554813;1;15;2;0;0;0
100;3.0;1326096554813;1;15;2;2;0;1
100;3.0;1326096554813;1;15;2;1;0;4
100;3.0;1326096555492;1;27;7;1989;-1;-1
100;3.0;1326096555492;1;19;0;0;0;0
100;3.0;1326096555492;1;19;0;1;0;1
100;3.0;1326096555492;1;19;0;1;0;4
100;3.0;1326096557494;1;23;3;1121;-1;-1
100;3.0;1326096557494;1;26;4;0;0;0
100;3.0;1326096557494;1;26;4;3;0;1
100;3.0;1326096557494;1;26;4;2;0;4
100;3.0;1326096558633;1;24;9;1500;-1;-1
100;3.0;1326096558633;1;20;3;0;0;0
100;3.0;1326096558633;1;20;3;2;0;1
100;3.0;1326096558633;1;20;3;1;0;4
100;3.0;1326096560146;1;22;3;868;-1;-1
100;3.0;1326096560146;1;21;0;0;0;0
100;3.0;1326096560146;1;22;2;2;0;1
100;3.0;1326096560146;1;22;2;1;0;4
100;3.0;1326096561026;1;30;16;2232;-1;-1
100;3.0;1326096561026;1;18;6;0;0;0
100;3.0;1326096561026;1;18;6;3;0;1
100;3.0;1326096561026;1;18;5;2;0;4
100;3.0;1326096563273;1;14;2;888;-1;-1
100;3.0;1326096563273;1;18;5;0;0;0
100;3.0;1326096563273;1;18;5;3;0;1
100;3.0;1326096563273;1;18;5;1;0;4
100;3.0;1326096564178;1;21;0;806;-1;-1
100;3.0;1326096564178;1;17;3;0;0;0
100;3.0;1326096564178;1;17;3;2;0;1
100;3.0;1326096564178;1;17;3;1;0;4
100;3.0;1326096564998;1;26;8;2005;-1;-1
100;3.0;1326096564998;1;19;2;0;0;0
100;3.0;1326096564998;1;19;2;3;0;1
100;3.0;1326096564998;1;19;2;1;0;4
100;3.0;1326096567019;1;23;5;1654;-1;-1
100;3.0;1326096567019;1;19;2;0;0;0
100;3.0;1326096567019;1;18;1;2;0;1
100;3.0;1326096567019;1;18;1;1;0;4
100;3.0;1326096568697;1;26;3;1037;-1;-1
100;3.0;1326096568697;1;36;15;0;0;0
100;3.0;1326096568697;1;34;14;4;0;1
100;3.0;1326096568697;1;34;14;2;0;4
100;3.0;1326096569750;1;21;1;883;-1;-1
100;3.0;1326096569750;1;26;5;0;0;0
100;3.0;1326096569750;1;24;5;2;0;1
100;3.0;1326096569750;1;24;5;1;0;4
100;3.0;1326096570649;1;19;1;1022;-1;-1
100;3.0;1326096570649;1;40;21;0;0;0
100;3.0;1326096570649;1;20;2;2;0;1
100;3.0;1326096570649;1;20;2;1;0;4
100;3.0;1326096571685;1;39;19;2356;-1;-1
100;3.0;1326096571685;1;52;33;1;0;0
100;3.0;1326096571685;1;52;34;7;0;1
100;3.0;1326096571685;1;39;21;3;0;4
100;3.0;1326096574063;1;18;2;740;-1;-1
100;3.0;1326096574063;1;23;4;0;0;0
100;3.0;1326096574063;1;23;4;2;0;1
100;3.0;1326096574063;1;23;4;1;0;4
100;3.0;1326096574829;1;26;6;1126;-1;-1
100;3.0;1326096574829;1;22;2;0;0;0
100;3.0;1326096574829;1;22;2;1;0;1
100;3.0;1326096574829;1;20;0;0;0;4
100;3.0;1326096575980;1;22;1;728;-1;-1
100;3.0;1326096575980;1;24;4;0;0;0
100;3.0;1326096575980;1;20;1;1;0;1
100;3.0;1326096575980;1;24;4;1;0;4
100;3.0;1326096576736;1;20;2;1265;-1;-1
100;3.0;1326096576736;1;21;5;0;0;0
100;3.0;1326096576736;1;21;6;3;0;1
100;3.0;1326096576736;1;21;5;1;0;4
100;3.0;1326096578034;1;24;5;844;-1;-1
100;3.0;1326096578034;1;15;0;0;0;0
100;3.0;1326096578034;1;15;0;3;0;1
100;3.0;1326096578034;1;15;0;1;0;4
100;3.0;1326096578914;1;19;1;716;-1;-1
100;3.0;1326096578914;1;28;7;0;0;0
100;3.0;1326096578914;1;27;6;3;0;1
100;3.0;1326096578914;1;27;6;1;0;4
100;3.0;1326096579657;1;17;1;722;-1;-1
100;3.0;1326096579657;1;23;5;0;0;0
100;3.0;1326096579657;1;27;11;4;0;1
100;3.0;1326096579657;1;27;11;2;0;4
100;3.0;1326096580411;1;17;0;604;-1;-1
100;3.0;1326096580411;1;17;1;0;0;0
100;3.0;1326096580411;1;17;1;1;0;1
100;3.0;1326096580411;1;17;1;0;0;4
100;3.0;1326096581049;1;22;2;1133;-1;-1
100;3.0;1326096581049;1;23;4;0;0;0
100;3.0;1326096581049;1;23;4;2;0;1
100;3.0;1326096581049;1;24;6;1;0;4
100;3.0;1326096582215;1;21;5;900;-1;-1
100;3.0;1326096582215;1;21;1;0;0;0
100;3.0;1326096582215;1;21;1;1;0;1
100;3.0;1326096582215;1;21;1;1;0;4
100;3.0;1326096583143;1;23;0;789;-1;-1
100;3.0;1326096583143;1;17;4;0;0;0
100;3.0;1326096583143;1;17;4;3;0;1
100;3.0;1326096583143;1;17;4;1;0;4
100;3.0;1326096583963;1;13;1;778;-1;-1
100;3.0;1326096583963;1;32;14;0;0;0
100;3.0;1326096583963;1;22;7;2;0;1
100;3.0;1326096583963;1;22;7;1;0;4
100;3.0;1326096584771;1;21;4;925;-1;-1
100;3.0;1326096584771;1;18;3;0;0;0
100;3.0;1326096584771;1;18;3;2;0;1
100;3.0;1326096584771;1;18;3;1;0;4
100;3.0;1326096585723;1;32;12;1294;-1;-1
100;3.0;1326096585723;1;23;2;0;0;0
100;3.0;1326096585723;1;25;3;2;0;1
100;3.0;1326096585723;1;25;3;1;0;4
100;3.0;1326096587047;1;13;1;727;-1;-1
100;3.0;1326096587047;1;12;1;0;0;0
100;3.0;1326096587047;1;12;1;1;0;1
100;3.0;1326096587047;1;12;1;0;0;4
100;3.0;1326096587807;1;20;0;639;-1;-1
100;3.0;1326096587807;1;26;10;0;0;0
100;3.0;1326096587807;1;19;4;1;0;1
100;3.0;1326096587807;1;20;5;1;0;4
100;3.0;1326096588465;1;28;14;2265;-1;-1
100;3.0;1326096588465;1;18;0;0;0;0
100;3.0;1326096588465;1;18;0;1;0;1
100;3.0;1326096588465;1;18;0;0;0;4
100;3.0;1326096590745;1;24;8;1073;-1;-1
100;3.0;1326096590745;1;26;4;0;0;0
100;3.0;1326096590745;1;26;4;2;0;1
100;3.0;1326096590745;1;26;4;2;0;4
100;3.0;1326096591834;1;17;0;804;-1;-1
100;3.0;1326096591834;1;26;4;0;0;0
100;3.0;1326096591834;1;26;4;2;0;1
100;3.0;1326096591834;1;26;4;3;0;4
100;3.0;1326096592656;1;18;3;1109;-1;-1
100;3.0;1326096592656;1;23;1;0;0;0
100;3.0;1326096592656;1;23;1;2;0;1
100;3.0;1326096592656;1;23;1;2;0;4
100;3.0;1326096593780;1;28;6;950;-1;-1
100;3.0;1326096593780;1;17;1;0;0;0
100;3.0;1326096593780;1;17;1;1;0;1
100;3.0;1326096593780;1;17;2;2;0;4
100;3.0;1326096594744;0;146;135;10416;-1;-1
100;3.0;1326096594744;1;20;5;0;0;0
100;3.0;1326096594744;1;20;5;2;0;1
100;3.0;1326096594744;1;14;3;2;0;4
100;3.0;1326096605173;1;15;0;728;-1;-1
100;3.0;1326096605173;1;29;14;0;0;0
100;3.0;1326096605173;1;29;15;6;0;1
100;3.0;1326096605173;1;26;12;3;0;4
100;3.0;1326096605930;1;22;0;1086;-1;-1
100;3.0;1326096605930;1;34;8;0;0;0
100;3.0;1326096605930;1;33;8;7;0;1
100;3.0;1326096605930;1;33;8;3;0;4
100;3.0;1326096607039;1;36;22;2688;-1;-1
100;3.0;1326096607039;1;19;0;0;0;0
100;3.0;1326096607039;1;19;0;2;0;1
100;3.0;1326096607039;1;19;0;1;0;4
100;3.0;1326096609743;1;32;12;1345;-1;-1
100;3.0;1326096609743;1;35;16;0;0;0
100;3.0;1326096609743;1;43;25;5;0;1
100;3.0;1326096609743;1;45;25;5;0;4
100;3.0;1326096611110;1;14;4;1122;-1;-1
100;3.0;1326096611110;1;37;15;0;0;0
100;3.0;1326096611110;1;37;15;4;0;1
100;3.0;1326096611110;1;25;4;1;0;4
100;3.0;1326096612247;1;14;1;726;-1;-1
100;3.0;1326096612247;1;23;5;0;0;0
100;3.0;1326096612247;1;27;9;2;0;1
100;3.0;1326096612247;1;24;6;1;0;4
100;3.0;1326096612986;1;27;8;1577;-1;-1
100;3.0;1326096612986;1;23;2;0;0;0
100;3.0;1326096612986;1;23;2;2;0;1
100;3.0;1326096612986;1;23;2;1;0;4
100;5.0;1326096614578;1;47;0;773;-1;-1
100;5.0;1326096614578;1;45;1;0;0;0
100;5.0;1326096614578;1;45;1;3;0;1
100;5.0;1326096614578;1;44;0;1;0;4
100;5.0;1326096615365;1;50;4;898;-1;-1
100;5.0;1326096615365;1;61;18;0;0;0
100;5.0;1326096615365;1;65;20;5;0;1
100;5.0;1326096615365;1;58;15;3;0;4
100;5.0;1326096616282;1;44;0;811;-1;-1
100;5.0;1326096616282;1;44;2;0;0;0
100;5.0;1326096616282;1;44;2;3;0;1
100;5.0;1326096616282;1;44;2;1;0;4
100;5.0;1326096617110;1;48;0;1161;-1;-1
100;5.0;1326096617110;1;43;1;0;0;0
100;5.0;1326096617110;1;42;0;2;0;1
100;5.0;1326096617110;1;43;0;1;0;4
100;5.0;1326096618286;1;56;13;1405;-1;-1
100;5.0;1326096618286;1;2511;2473;38;0;0
100;5.0;1326096618286;1;69;27;6;0;1
100;5.0;1326096618286;1;92;54;5;0;4
100;5.0;1326096619750;1;45;6;1153;-1;-1
100;5.0;1326096619750;1;45;3;0;0;0
100;5.0;1326096619750;1;43;1;3;0;1
100;5.0;1326096619750;1;43;1;15;0;4
100;5.0;1326096620942;1;50;2;802;-1;-1
100;5.0;1326096620942;1;52;12;0;0;0
100;5.0;1326096620942;1;46;5;9;0;1
100;5.0;1326096620942;1;46;5;1;0;4
100;5.0;1326096621765;1;45;1;935;-1;-1
100;5.0;1326096621765;1;41;0;0;0;0
100;5.0;1326096621765;1;41;0;3;0;1
100;5.0;1326096621765;1;41;0;1;0;4
100;5.0;1326096622714;1;56;8;1153;-1;-1
100;5.0;1326096622714;1;46;3;0;0;0
100;5.0;1326096622714;1;42;0;3;0;1
100;5.0;1326096622714;1;43;0;4;0;4
100;5.0;1326096623907;1;53;8;1961;-1;-1
100;5.0;1326096623907;1;44;1;0;0;0
100;5.0;1326096623907;1;44;1;3;0;1
100;5.0;1326096623907;1;44;1;1;0;4
100;5.0;1326096625885;1;55;10;1264;-1;-1
100;5.0;1326096625885;1;44;0;0;0;0
100;5.0;1326096625885;1;44;0;3;0;1
100;5.0;1326096625885;1;44;0;1;0;4
100;5.0;1326096627163;1;43;6;1103;-1;-1
100;5.0;1326096627163;1;43;2;0;0;0
100;5.0;1326096627163;1;42;1;2;0;1
100;5.0;1326096627163;1;43;2;1;0;4
100;5.0;1326096628280;1;44;2;949;-1;-1
100;5.0;1326096628280;1;47;1;0;0;0
100;5.0;1326096628280;1;47;1;3;0;1
100;5.0;1326096628280;1;47;1;1;0;4
100;5.0;1326096629243;1;45;0;732;-1;-1
100;5.0;1326096629243;1;48;5;0;0;0
100;5.0;1326096629243;1;45;4;3;0;1
100;5.0;1326096629243;1;45;4;1;0;4
100;5.0;1326096629991;1;109;64;4512;-1;-1
100;5.0;1326096629991;1;52;6;0;0;0
100;5.0;1326096629991;1;45;2;3;0;1
100;5.0;1326096629991;1;49;5;3;0;4
100;5.0;1326096634523;1;47;10;1561;-1;-1
100;5.0;1326096634523;1;51;9;0;0;0
100;5.0;1326096634523;1;50;8;3;0;1
100;5.0;1326096634523;1;50;8;1;0;4
100;5.0;1326096636101;1;65;27;3206;-1;-1
100;5.0;1326096636101;1;35;0;0;0;0
100;5.0;1326096636101;1;35;0;2;0;1
100;5.0;1326096636101;1;35;0;1;0;4
100;5.0;1326096639322;1;48;0;894;-1;-1
100;5.0;1326096639322;1;44;3;0;0;0
100;5.0;1326096639322;1;44;3;3;0;1
100;5.0;1326096639322;1;44;3;1;0;4
100;5.0;1326096640250;1;50;3;1037;-1;-1
100;5.0;1326096640250;1;44;1;0;0;0
100;5.0;1326096640250;1;44;1;2;0;1
100;5.0;1326096640250;1;44;1;1;0;4
100;5.0;1326096641315;1;41;2;797;-1;-1
100;5.0;1326096641315;1;41;0;0;0;0
100;5.0;1326096641315;1;41;0;3;0;1
100;5.0;1326096641315;1;40;0;1;0;4
100;5.0;1326096642139;1;43;3;938;-1;-1
100;5.0;1326096642139;1;42;0;0;0;0
100;5.0;1326096642139;1;42;0;2;0;1
100;5.0;1326096642139;1;42;0;17;0;4
100;5.0;1326096643124;1;55;6;1106;-1;-1
100;5.0;1326096643124;1;41;1;0;0;0
100;5.0;1326096643124;1;40;1;9;0;1
100;5.0;1326096643124;1;39;0;1;0;4
100;5.0;1326096644252;1;45;3;1065;-1;-1
100;5.0;1326096644252;1;57;10;0;0;0
100;5.0;1326096644252;1;48;3;3;0;1
100;5.0;1326096644252;1;57;10;2;0;4
100;5.0;1326096645333;1;41;0;741;-1;-1
100;5.0;1326096645333;1;43;4;0;0;0
100;5.0;1326096645333;1;43;4;3;0;1
100;5.0;1326096645333;1;42;1;1;0;4
100;5.0;1326096646089;1;42;2;924;-1;-1
100;5.0;1326096646089;1;41;4;0;0;0
100;5.0;1326096646089;1;44;6;3;0;1
100;5.0;1326096646089;1;41;4;1;0;4
100;5.0;1326096647029;1;51;4;867;-1;-1
100;5.0;1326096647029;1;38;0;0;0;0
100;5.0;1326096647029;1;38;0;2;0;1
100;5.0;1326096647029;1;38;0;1;0;4
100;5.0;1326096647911;1;47;1;757;-1;-1
100;5.0;1326096647911;1;48;6;0;0;0
100;5.0;1326096647911;1;48;6;3;0;1
100;5.0;1326096647911;1;48;5;1;0;4
100;5.0;1326096648682;1;154;106;5712;-1;-1
100;5.0;1326096648682;1;45;0;0;0;0
100;5.0;1326096648682;1;45;0;3;0;1
100;5.0;1326096648682;1;45;0;1;0;4
100;5.0;1326096654408;1;52;4;949;-1;-1
100;5.0;1326096654408;1;46;4;0;0;0
100;5.0;1326096654408;1;46;4;3;0;1
100;5.0;1326096654408;1;46;4;1;0;4
100;5.0;1326096655372;1;64;21;1696;-1;-1
100;5.0;1326096655372;1;40;0;0;0;0
100;5.0;1326096655372;1;40;0;2;0;1
100;5.0;1326096655372;1;40;0;1;0;4
100;5.0;1326096657081;1;46;0;1094;-1;-1
100;5.0;1326096657081;1;48;2;0;0;0
100;5.0;1326096657081;1;47;1;4;0;1
100;5.0;1326096657081;1;47;1;2;0;4
100;5.0;1326096658191;1;44;5;1293;-1;-1
100;5.0;1326096658191;1;45;0;0;0;0
100;5.0;1326096658191;1;45;0;2;0;1
100;5.0;1326096658191;1;49;3;1;0;4
100;5.0;1326096659498;1;47;2;961;-1;-1
100;5.0;1326096659498;1;43;1;0;0;0
100;5.0;1326096659498;1;43;1;3;0;1
100;5.0;1326096659498;1;44;2;1;0;4
100;5.0;1326096660473;1;49;3;794;-1;-1
100;5.0;1326096660473;1;41;1;0;0;0
100;5.0;1326096660473;1;40;1;2;0;1
100;5.0;1326096660473;1;40;1;1;0;4
100;5.0;1326096661293;1;44;4;1035;-1;-1
100;5.0;1326096661293;1;42;2;0;0;0
100;5.0;1326096661293;1;42;2;3;0;1
100;5.0;1326096661293;1;42;2;1;0;4
100;5.0;1326096662355;1;45;4;1010;-1;-1
100;5.0;1326096662355;1;55;9;0;0;0
100;5.0;1326096662355;1;47;3;3;0;1
100;5.0;1326096662355;1;49;4;1;0;4
100;5.0;1326096663392;1;52;3;994;-1;-1
100;5.0;1326096663392;1;59;11;0;0;0
100;5.0;1326096663392;1;50;3;3;0;1
100;5.0;1326096663392;1;46;0;1;0;4
100;5.0;1326096664420;1;39;2;962;-1;-1
100;5.0;1326096664420;1;49;3;0;0;0
100;5.0;1326096664420;1;45;1;3;0;1
100;5.0;1326096664420;1;45;1;2;0;4
100;5.0;1326096665399;1;53;2;1096;-1;-1
100;5.0;1326096665399;1;49;0;0;0;0
100;5.0;1326096665399;1;48;0;3;0;1
100;5.0;1326096665399;1;48;0;1;0;4
100;5.0;1326096666508;1;47;0;786;-1;-1
100;5.0;1326096666508;1;52;5;0;0;0
100;5.0;1326096666508;1;48;2;3;0;1
100;5.0;1326096666508;1;48;1;1;0;4
100;5.0;1326096667308;1;53;5;882;-1;-1
100;5.0;1326096667308;1;45;2;0;0;0
100;5.0;1326096667308;1;44;1;3;0;1
100;5.0;1326096667308;1;43;1;1;0;4
100;5.0;1326096668205;1;42;4;1329;-1;-1
100;5.0;1326096668205;1;48;3;0;0;0
100;5.0;1326096668205;1;48;4;3;0;1
100;5.0;1326096668205;1;43;0;1;0;4
100;5.0;1326096669551;1;42;0;803;-1;-1
100;5.0;1326096669551;1;44;0;0;0;0
100;5.0;1326096669551;1;44;0;3;0;1
100;5.0;1326096669551;1;46;2;1;0;4
100;5.0;1326096670369;1;71;29;2217;-1;-1
100;5.0;1326096670369;1;138;97;2;0;0
100;5.0;1326096670369;1;100;61;11;0;1
100;5.0;1326096670369;1;64;23;3;0;4
100;5.0;1326096672613;1;59;16;1479;-1;-1
100;5.0;1326096672613;1;49;5;1;0;0
100;5.0;1326096672613;1;49;5;5;0;1
100;5.0;1326096672613;1;49;5;2;0;4
100;5.0;1326096674112;1;53;2;1091;-1;-1
100;5.0;1326096674112;1;42;1;0;0;0
100;5.0;1326096674112;1;42;1;4;0;1
100;5.0;1326096674112;1;42;1;2;0;4
100;5.0;1326096675220;1;48;4;1070;-1;-1
100;5.0;1326096675220;1;49;2;0;0;0
100;5.0;1326096675220;1;49;2;2;0;1
100;5.0;1326096675220;1;49;2;1;0;4
100;5.0;1326096676322;1;47;4;1033;-1;-1
100;5.0;1326096676322;1;42;0;0;0;0
100;5.0;1326096676322;1;42;0;2;0;1
100;5.0;1326096676322;1;42;0;1;0;4
100;5.0;1326096677384;1;46;0;815;-1;-1
100;5.0;1326096677384;1;39;0;0;0;0
100;5.0;1326096677384;1;39;0;3;0;1
100;5.0;1326096677384;1;43;0;1;0;4
100;5.0;1326096678226;1;53;4;894;-1;-1
100;5.0;1326096678226;1;53;3;0;0;0
100;5.0;1326096678226;1;50;0;3;0;1
100;5.0;1326096678226;1;50;0;16;0;4
100;10.0;1326096679164;1;88;18;1416;-1;-1
100;10.0;1326096679164;1;95;26;1;0;0
100;10.0;1326096679164;1;93;27;14;0;1
100;10.0;1326096679164;1;99;33;4;0;4
100;10.0;1326096680610;1;72;1;853;-1;-1
100;10.0;1326096680610;1;67;2;0;0;0
100;10.0;1326096680610;1;67;2;5;0;1
100;10.0;1326096680610;1;67;2;2;0;4
100;10.0;1326096681480;1;69;0;791;-1;-1
100;10.0;1326096681480;1;65;1;0;0;0
100;10.0;1326096681480;1;65;1;4;0;1
100;10.0;1326096681480;1;65;1;1;0;4
100;10.0;1326096682289;1;76;7;1639;-1;-1
100;10.0;1326096682289;1;102;36;1;0;0
100;10.0;1326096682289;1;123;60;20;0;1
100;10.0;1326096682289;1;93;28;4;0;4
100;10.0;1326096683964;1;71;0;945;-1;-1
100;10.0;1326096683964;1;76;1;0;0;0
100;10.0;1326096683964;1;77;2;4;0;1
100;10.0;1326096683964;1;76;2;2;0;4
100;10.0;1326096684925;1;67;0;843;-1;-1
100;10.0;1326096684925;1;68;0;0;0;0
100;10.0;1326096684925;1;68;0;4;0;1
100;10.0;1326096684925;1;68;0;1;0;4
100;10.0;1326096685796;1;70;1;802;-1;-1
100;10.0;1326096685796;1;65;0;0;0;0
100;10.0;1326096685796;1;69;3;20;0;1
100;10.0;1326096685796;1;66;3;2;0;4
100;10.0;1326096686642;1;70;3;965;-1;-1
100;10.0;1326096686642;1;65;0;0;0;0
100;10.0;1326096686642;1;65;0;4;0;1
100;10.0;1326096686642;1;65;0;1;0;4
100;10.0;1326096687623;1;72;4;1065;-1;-1
100;10.0;1326096687623;1;77;1;0;0;0
100;10.0;1326096687623;1;76;0;7;0;1
100;10.0;1326096687623;1;76;0;3;0;4
100;10.0;1326096688708;1;71;1;855;-1;-1
100;10.0;1326096688708;1;97;21;1;0;0
100;10.0;1326096688708;1;78;3;4;0;1
100;10.0;1326096688708;1;80;3;2;0;4
100;10.0;1326096689584;1;68;1;829;-1;-1
100;10.0;1326096689584;1;74;6;0;0;0
100;10.0;1326096689584;1;74;4;4;0;1
100;10.0;1326096689584;1;74;6;2;0;4
100;10.0;1326096690433;1;75;0;770;-1;-1
100;10.0;1326096690433;1;68;0;0;0;0
100;10.0;1326096690433;1;68;0;4;0;1
100;10.0;1326096690433;1;68;0;1;0;4
100;10.0;1326096691218;0;344;277;10056;-1;-1
100;10.0;1326096691218;1;73;6;0;0;0
100;10.0;1326096691218;1;73;6;4;0;1
100;10.0;1326096691218;1;73;6;2;0;4
100;10.0;1326096701305;1;75;10;1289;-1;-1
100;10.0;1326096701305;1;300;236;3;0;0
100;10.0;1326096701305;1;65;2;18;0;1
100;10.0;1326096701305;1;63;3;2;0;4
100;10.0;1326096702641;1;71;1;797;-1;-1
100;10.0;1326096702641;1;64;0;1;0;0
100;10.0;1326096702641;1;64;0;4;0;1
100;10.0;1326096702641;1;64;0;1;0;4
100;10.0;1326096703459;1;63;0;718;-1;-1
100;10.0;1326096703459;1;69;1;0;0;0
100;10.0;1326096703459;1;69;1;4;0;1
100;10.0;1326096703459;1;69;1;2;0;4
100;10.0;1326096704193;1;72;3;847;-1;-1
100;10.0;1326096704193;1;72;2;0;0;0
100;10.0;1326096704193;1;72;2;5;0;1
100;10.0;1326096704193;1;71;1;2;0;4
100;10.0;1326096705059;1;79;10;1432;-1;-1
100;10.0;1326096705059;1;74;5;0;0;0
100;10.0;1326096705059;1;71;4;4;0;1
100;10.0;1326096705059;1;69;2;2;0;4
100;10.0;1326096706507;1;74;3;1201;-1;-1
100;10.0;1326096706507;1;68;1;0;0;0
100;10.0;1326096706507;1;68;1;4;0;1
100;10.0;1326096706507;1;67;0;1;0;4
100;10.0;1326096707724;1;74;2;880;-1;-1
100;10.0;1326096707724;1;72;6;0;0;0
100;10.0;1326096707724;1;70;3;4;0;1
100;10.0;1326096707724;1;69;2;2;0;4
100;10.0;1326096708634;1;71;2;835;-1;-1
100;10.0;1326096708634;1;83;14;1;0;0
100;10.0;1326096708634;1;83;14;5;0;1
100;10.0;1326096708634;1;80;11;15;0;4
100;10.0;1326096709512;1;71;1;874;-1;-1
100;10.0;1326096709512;1;68;1;0;0;0
100;10.0;1326096709512;1;68;1;4;0;1
100;10.0;1326096709512;1;68;1;2;0;4
100;10.0;1326096710409;1;73;0;871;-1;-1
100;10.0;1326096710409;1;71;9;0;0;0
100;10.0;1326096710409;1;71;10;4;0;1
100;10.0;1326096710409;1;64;2;2;0;4
100;10.0;1326096711296;1;68;0;744;-1;-1
100;10.0;1326096711296;1;70;2;0;0;0
100;10.0;1326096711296;1;74;6;4;0;1
100;10.0;1326096711296;1;70;3;3;0;4
100;10.0;1326096712058;1;71;3;929;-1;-1
100;10.0;1326096712058;1;70;5;0;0;0
100;10.0;1326096712058;1;70;4;4;0;1
100;10.0;1326096712058;1;71;4;2;0;4
100;10.0;1326096713004;1;84;10;956;-1;-1
100;10.0;1326096713004;1;76;3;0;0;0
100;10.0;1326096713004;1;75;2;4;0;1
100;10.0;1326096713004;1;75;2;2;0;4
100;10.0;1326096713977;1;75;1;824;-1;-1
100;10.0;1326096713977;1;197;128;2;0;0
100;10.0;1326096713977;1;174;106;20;0;1
100;10.0;1326096713977;1;120;52;16;0;4
100;10.0;1326096714850;1;197;127;5522;-1;-1
100;10.0;1326096714850;1;71;1;5;0;0
100;10.0;1326096714850;1;71;1;4;0;1
100;10.0;1326096714850;1;71;1;2;0;4
100;10.0;1326096720394;1;71;0;799;-1;-1
100;10.0;1326096720394;1;66;1;0;0;0
100;10.0;1326096720394;1;66;1;4;0;1
100;10.0;1326096720394;1;66;1;1;0;4
100;10.0;1326096721208;1;71;1;742;-1;-1
100;10.0;1326096721208;1;69;4;0;0;0
100;10.0;1326096721208;1;69;3;4;0;1
100;10.0;1326096721208;1;68;2;2;0;4
100;10.0;1326096721967;1;71;0;842;-1;-1
100;10.0;1326096721967;1;70;2;0;0;0
100;10.0;1326096721967;1;72;3;4;0;1
100;10.0;1326096721967;1;74;0;1;0;4
100;10.0;1326096722827;1;73;0;992;-1;-1
100;10.0;1326096722827;1;75;1;0;0;0
100;10.0;1326096722827;1;75;1;6;0;1
100;10.0;1326096722827;1;102;35;11;0;4
100;10.0;1326096723847;1;73;5;924;-1;-1
100;10.0;1326096723847;1;67;0;0;0;0
100;10.0;1326096723847;1;67;0;4;0;1
100;10.0;1326096723847;1;67;0;1;0;4
100;10.0;1326096724800;1;73;0;801;-1;-1
100;10.0;1326096724800;1;77;8;0;0;0
100;10.0;1326096724800;1;76;7;9;0;1
100;10.0;1326096724800;1;75;6;2;0;4
100;10.0;1326096725650;1;71;2;821;-1;-1
100;10.0;1326096725650;1;68;1;0;0;0
100;10.0;1326096725650;1;68;1;4;0;1
100;10.0;1326096725650;1;70;0;2;0;4
100;10.0;1326096726493;1;74;2;824;-1;-1
100;10.0;1326096726493;1;64;2;0;0;0
100;10.0;1326096726493;1;64;2;6;0;1
100;10.0;1326096726493;1;64;2;2;0;4
100;10.0;1326096727335;1;68;0;747;-1;-1
100;10.0;1326096727335;1;65;0;0;0;0
100;10.0;1326096727335;1;65;0;4;0;1
100;10.0;1326096727335;1;76;2;2;0;4
100;10.0;1326096728099;1;70;0;746;-1;-1
100;10.0;1326096728099;1;75;3;0;0;0
100;10.0;1326096728099;1;75;3;4;0;1
100;10.0;1326096728099;1;62;2;2;0;4
100;10.0;1326096728861;1;71;2;1024;-1;-1
100;10.0;1326096728861;1;67;2;0;0;0
100;10.0;1326096728861;1;67;2;4;0;1
100;10.0;1326096728861;1;67;2;2;0;4
100;10.0;1326096729901;1;72;0;815;-1;-1
100;10.0;1326096729901;1;70;1;0;0;0
100;10.0;1326096729901;1;70;1;4;0;1
100;10.0;1326096729901;1;64;1;1;0;4
100;10.0;1326096730732;1;73;1;824;-1;-1
100;10.0;1326096730732;1;67;0;0;0;0
100;10.0;1326096730732;1;67;0;4;0;1
100;10.0;1326096730732;1;66;0;14;0;4
100;10.0;1326096731599;1;69;2;763;-1;-1
100;10.0;1326096731599;1;71;1;0;0;0
100;10.0;1326096731599;1;71;1;9;0;1
100;10.0;1326096731599;1;71;1;1;0;4
100;10.0;1326096732382;1;66;2;875;-1;-1
100;10.0;1326096732382;1;70;2;0;0;0
100;10.0;1326096732382;1;71;3;4;0;1
100;10.0;1326096732382;1;71;3;2;0;4
100;10.0;1326096733273;1;74;3;809;-1;-1
100;10.0;1326096733273;1;836;769;12;0;0
100;10.0;1326096733273;1;72;4;4;0;1
100;10.0;1326096733273;1;71;0;1;0;4
100;10.0;1326096734112;1;80;3;860;-1;-1
100;10.0;1326096734112;1;67;1;0;0;0
100;10.0;1326096734112;1;67;1;4;0;1
100;10.0;1326096734112;1;67;1;1;0;4
100;10.0;1326096734988;1;75;3;907;-1;-1
100;10.0;1326096734988;1;77;9;0;0;0
100;10.0;1326096734988;1;71;2;4;0;1
100;10.0;1326096734988;1;71;1;1;0;4
100;10.0;1326096735911;1;71;1;800;-1;-1
100;10.0;1326096735911;1;69;0;0;0;0
100;10.0;1326096735911;1;69;0;4;0;1
100;10.0;1326096735911;1;69;0;1;0;4
100;10.0;1326096736727;1;73;3;870;-1;-1
100;10.0;1326096736727;1;67;0;0;0;0
100;10.0;1326096736727;1;67;0;4;0;1
100;10.0;1326096736727;1;67;0;1;0;4
100;10.0;1326096737625;1;73;1;715;-1;-1
100;10.0;1326096737625;1;69;1;0;0;0
100;10.0;1326096737625;1;68;1;21;0;1
100;10.0;1326096737625;1;68;1;1;0;4
100;10.0;1326096738385;1;71;0;781;-1;-1
100;10.0;1326096738385;1;63;0;0;0;0
100;10.0;1326096738385;1;63;0;4;0;1
100;10.0;1326096738385;1;63;0;1;0;4
100;20.0;1326096739181;1;83;1;723;-1;-1
100;20.0;1326096739181;1;85;0;1;0;0
100;20.0;1326096739181;1;85;0;6;0;1
100;20.0;1326096739181;1;90;3;3;0;4
100;20.0;1326096739923;1;92;1;689;-1;-1
100;20.0;1326096739923;1;83;0;1;0;0
100;20.0;1326096739923;1;83;0;7;0;1
100;20.0;1326096739923;1;80;1;2;0;4
100;20.0;1326096740634;1;84;0;797;-1;-1
100;20.0;1326096740634;1;84;0;1;0;0
100;20.0;1326096740634;1;84;0;6;0;1
100;20.0;1326096740634;1;84;0;13;0;4
100;20.0;1326096741476;1;88;1;781;-1;-1
100;20.0;1326096741476;1;87;4;1;0;0
100;20.0;1326096741476;1;86;2;7;0;1
100;20.0;1326096741476;1;86;2;2;0;4
100;20.0;1326096742284;1;86;0;668;-1;-1
100;20.0;1326096742284;1;90;3;1;0;0
100;20.0;1326096742284;1;90;3;6;0;1
100;20.0;1326096742284;1;88;2;3;0;4
100;20.0;1326096742972;1;81;0;802;-1;-1
100;20.0;1326096742972;1;89;4;1;0;0
100;20.0;1326096742972;1;87;3;7;0;1
100;20.0;1326096742972;1;87;2;5;0;4
100;20.0;1326096743798;1;87;2;821;-1;-1
100;20.0;1326096743798;1;87;2;1;0;0
100;20.0;1326096743798;1;86;1;6;0;1
100;20.0;1326096743798;1;84;0;3;0;4
100;20.0;1326096744662;1;85;1;731;-1;-1
100;20.0;1326096744662;1;83;0;7;0;0
100;20.0;1326096744662;1;82;0;6;0;1
100;20.0;1326096744662;1;81;0;2;0;4
100;20.0;1326096745418;1;90;3;734;-1;-1
100;20.0;1326096745418;1;79;0;1;0;0
100;20.0;1326096745418;1;79;0;6;0;1
100;20.0;1326096745418;1;79;0;3;0;4
100;20.0;1326096746172;1;86;0;831;-1;-1
100;20.0;1326096746172;1;84;2;1;0;0
100;20.0;1326096746172;1;84;2;6;0;1
100;20.0;1326096746172;1;83;0;3;0;4
100;20.0;1326096747021;1;91;2;905;-1;-1
100;20.0;1326096747021;1;95;11;1;0;0
100;20.0;1326096747021;1;95;11;20;0;1
100;20.0;1326096747021;1;84;0;2;0;4
100;20.0;1326096747974;1;85;0;781;-1;-1
100;20.0;1326096747974;1;86;1;1;0;0
100;20.0;1326096747974;1;86;1;6;0;1
100;20.0;1326096747974;1;86;1;2;0;4
100;20.0;1326096748777;1;87;1;693;-1;-1
100;20.0;1326096748777;1;85;1;1;0;0
100;20.0;1326096748777;1;86;1;9;0;1
100;20.0;1326096748777;1;84;0;3;0;4
100;20.0;1326096749493;1;86;1;796;-1;-1
100;20.0;1326096749493;1;85;2;1;0;0
100;20.0;1326096749493;1;85;2;6;0;1
100;20.0;1326096749493;1;85;2;3;0;4
100;20.0;1326096750309;1;91;1;779;-1;-1
100;20.0;1326096750309;0;770545;770469;10000;0;0
100;20.0;1326096750309;1;83;4;6;0;1
100;20.0;1326096750309;1;81;0;2;0;4
100;20.0;1326096761117;1;87;1;734;-1;-1
100;20.0;1326096761117;1;86;5;1;0;0
100;20.0;1326096761117;1;85;2;7;0;1
100;20.0;1326096761117;1;84;2;2;0;4
100;20.0;1326096761873;1;87;0;1043;-1;-1
100;20.0;1326096761873;1;87;0;1;0;0
100;20.0;1326096761873;1;87;0;6;0;1
100;20.0;1326096761873;1;87;0;2;0;4
100;20.0;1326096762937;1;83;0;822;-1;-1
100;20.0;1326096762937;1;85;2;1;0;0
100;20.0;1326096762937;1;84;1;21;0;1
100;20.0;1326096762937;1;86;1;3;0;4
100;20.0;1326096763806;1;86;1;774;-1;-1
100;20.0;1326096763806;1;85;1;1;0;0
100;20.0;1326096763806;1;85;1;6;0;1
100;20.0;1326096763806;1;86;0;3;0;4
100;20.0;1326096764601;1;86;1;755;-1;-1
100;20.0;1326096764601;1;84;0;1;0;0
100;20.0;1326096764601;1;84;0;7;0;1
100;20.0;1326096764601;1;84;0;3;0;4
100;20.0;1326096765379;1;87;0;953;-1;-1
100;20.0;1326096765379;1;88;4;1;0;0
100;20.0;1326096765379;1;88;4;6;0;1
100;20.0;1326096765379;1;89;5;14;0;4
100;20.0;1326096766365;1;86;1;763;-1;-1
100;20.0;1326096766365;1;84;0;1;0;0
100;20.0;1326096766365;1;87;3;13;0;1
100;20.0;1326096766365;1;84;0;3;0;4
100;20.0;1326096767156;1;82;0;740;-1;-1
100;20.0;1326096767156;1;82;0;1;0;0
100;20.0;1326096767156;1;82;0;9;0;1
100;20.0;1326096767156;1;82;0;4;0;4
100;20.0;1326096767921;1;91;0;716;-1;-1
100;20.0;1326096767921;1;7019;6933;108;0;0
100;20.0;1326096767921;1;86;2;17;0;1
100;20.0;1326096767921;1;85;0;3;0;4
100;20.0;1326096768777;1;85;1;821;-1;-1
100;20.0;1326096768777;1;88;2;1;0;0
100;20.0;1326096768777;1;88;2;9;0;1
100;20.0;1326096768777;1;88;2;3;0;4
100;20.0;1326096769623;1;81;0;841;-1;-1
100;20.0;1326096769623;1;88;1;1;0;0
100;20.0;1326096769623;1;88;1;6;0;1
100;20.0;1326096769623;1;81;0;3;0;4
100;20.0;1326096770486;1;88;0;1252;-1;-1
100;20.0;1326096770486;1;87;3;1;0;0
100;20.0;1326096770486;1;84;0;8;0;1
100;20.0;1326096770486;1;83;0;3;0;4
100;20.0;1326096771761;1;89;1;786;-1;-1
100;20.0;1326096771761;1;87;1;1;0;0
100;20.0;1326096771761;1;87;1;20;0;1
100;20.0;1326096771761;1;86;0;3;0;4
100;20.0;1326096772592;1;84;1;875;-1;-1
100;20.0;1326096772592;1;83;3;1;0;0
100;20.0;1326096772592;1;79;0;6;0;1
100;20.0;1326096772592;1;94;13;4;0;4
100;20.0;1326096773489;1;91;2;849;-1;-1
100;20.0;1326096773489;1;84;1;1;0;0
100;20.0;1326096773489;1;84;1;6;0;1
100;20.0;1326096773489;1;90;6;3;0;4
100;20.0;1326096774359;1;91;6;973;-1;-1
100;20.0;1326096774359;1;82;1;1;0;0
100;20.0;1326096774359;1;82;1;6;0;1
100;20.0;1326096774359;1;83;0;13;0;4
100;20.0;1326096775376;1;89;0;735;-1;-1
100;20.0;1326096775376;1;87;3;1;0;0
100;20.0;1326096775376;1;86;2;11;0;1
100;20.0;1326096775376;1;87;3;2;0;4
100;20.0;1326096776136;1;90;7;901;-1;-1
100;20.0;1326096776136;1;98;16;1;0;0
100;20.0;1326096776136;1;85;4;6;0;1
100;20.0;1326096776136;1;84;2;5;0;4
100;20.0;1326096777060;1;83;0;1088;-1;-1
100;20.0;1326096777060;1;85;0;1;0;0
100;20.0;1326096777060;1;85;0;8;0;1
100;20.0;1326096777060;1;81;1;3;0;4
100;20.0;1326096778173;1;84;3;919;-1;-1
100;20.0;1326096778173;1;85;1;1;0;0
100;20.0;1326096778173;1;85;1;6;0;1
100;20.0;1326096778173;1;85;1;15;0;4
100;20.0;1326096779140;1;87;2;794;-1;-1
100;20.0;1326096779140;1;89;1;7;0;0
100;20.0;1326096779140;1;89;2;7;0;1
100;20.0;1326096779140;1;89;2;3;0;4
100;20.0;1326096779962;1;87;3;762;-1;-1
100;20.0;1326096779962;1;86;3;1;0;0
100;20.0;1326096779962;1;86;3;6;0;1
100;20.0;1326096779962;1;86;3;3;0;4
100;20.0;1326096780743;1;87;0;769;-1;-1
100;20.0;1326096780743;1;83;0;1;0;0
100;20.0;1326096780743;1;83;0;6;0;1
100;20.0;1326096780743;1;83;0;3;0;4
100;20.0;1326096781535;1;86;2;819;-1;-1
100;20.0;1326096781535;1;82;1;1;0;0
100;20.0;1326096781535;1;81;0;18;0;1
100;20.0;1326096781535;1;86;1;2;0;4
100;20.0;1326096782405;1;86;1;860;-1;-1
100;20.0;1326096782405;1;92;5;1;0;0
100;20.0;1326096782405;1;87;1;6;0;1
100;20.0;1326096782405;1;86;0;5;0;4
100;20.0;1326096783287;1;82;0;665;-1;-1
100;20.0;1326096783287;1;82;1;1;0;0
100;20.0;1326096783287;1;82;1;6;0;1
100;20.0;1326096783287;1;84;0;3;0;4
100;20.0;1326096783973;1;106;21;1535;-1;-1
100;20.0;1326096783973;1;84;1;1;0;0
100;20.0;1326096783973;1;84;1;6;0;1
100;20.0;1326096783973;1;88;2;5;0;4
100;20.0;1326096785531;1;84;0;776;-1;-1
100;20.0;1326096785531;1;85;1;1;0;0
100;20.0;1326096785531;1;85;1;20;0;1
100;20.0;1326096785531;1;85;1;2;0;4
100;20.0;1326096786351;1;88;3;808;-1;-1
100;20.0;1326096786351;1;96;14;1;0;0
100;20.0;1326096786351;1;87;5;6;0;1
100;20.0;1326096786351;1;94;11;4;0;4
100;20.0;1326096787180;1;83;2;667;-1;-1
100;20.0;1326096787180;1;83;0;1;0;0
100;20.0;1326096787180;1;83;0;10;0;1
100;20.0;1326096787180;1;84;0;3;0;4
100;20.0;1326096787872;1;84;0;786;-1;-1
100;20.0;1326096787872;1;87;0;1;0;0
100;20.0;1326096787872;1;87;0;6;0;1
100;20.0;1326096787872;1;84;0;3;0;4
100;20.0;1326096788679;1;83;0;799;-1;-1
100;20.0;1326096788679;1;86;4;1;0;0
100;20.0;1326096788679;1;86;4;26;0;1
100;20.0;1326096788679;1;86;4;3;0;4
100;20.0;1326096789528;1;83;3;828;-1;-1
100;20.0;1326096789528;1;85;0;1;0;0
100;20.0;1326096789528;1;85;0;7;0;1
100;20.0;1326096789528;1;85;0;4;0;4
100;20.0;1326096790380;1;88;0;776;-1;-1
100;20.0;1326096790380;1;85;1;1;0;0
100;20.0;1326096790380;1;84;1;9;0;1
100;20.0;1326096790380;1;93;9;5;0;4
100;20.0;1326096791186;1;81;0;733;-1;-1
100;20.0;1326096791186;1;91;6;1;0;0
100;20.0;1326096791186;1;82;0;6;0;1
100;20.0;1326096791186;1;87;4;17;0;4
